serial,slope,icpt,tmean,tmin,n
P6869577A8E,0.498,15.72,12.82,2.69,90
P6729395ZX5,0.452,12.75,10.11,4.39,90
P669339MB88,0.381,14.21,11.99,5.18,90
P673726X9YC,0.354,14.72,12.67,5.06,90
P673723BGYW,0.352,17.03,14.99,9.32,90
P673698LJ3N,0.348,14.31,12.28,2.36,90
P672941H396,0.342,15.65,13.67,7.66,90
P672942X8Z3,0.329,13.6,11.68,5.34,90
P672898KGAM,0.306,13.97,12.19,7.56,90
P672792BZ4E,0.3,13.86,12.11,6.57,90
P673042W78K,0.295,14.65,12.93,8.04,90
P672790YXMT,0.295,13.73,12.02,6.68,90
P672786W5BZ,0.294,14.08,12.37,6.6,90
P672832PZ9X,0.29,15.1,13.41,8.58,90
P673043DKNL,0.289,15.09,13.4,7.88,90
P672783ATED,0.288,14.06,12.38,8.09,90
P672830B96G,0.285,11.46,9.8,-1.45,90
P6728318Z3H,0.282,13.68,12.04,5.79,90
P673047XDJT,0.281,14.23,12.6,7.86,90
P686953N6DL,0.277,14.61,13.0,6.8,90
P655154WE2Z,0.276,14.44,12.84,7.06,90
P672791KD2X,0.275,13.51,11.91,6.06,90
P6777398GX9,0.274,14.14,12.55,7.88,90
P677737LHBY,0.268,14.39,12.83,8.52,90
P677710XZRA,0.267,14.1,12.55,8.32,90
P655071NTPZ,0.266,14.45,12.9,8.84,90
P673729HH48,0.265,14.2,12.66,8.56,90
P6727873T83,0.264,14.3,12.77,8.36,90
P677709JE6R,0.263,14.78,13.25,9.26,90
P655276LLKN,0.261,14.1,12.58,8.59,90
P672789ZARR,0.259,14.54,13.03,9.09,90
P6552776AE2,0.258,14.03,12.52,8.6,90
P6693409CPX,0.257,14.32,12.83,8.44,90
P677742WBEC,0.256,14.75,13.26,9.24,90
P67372539CA,0.255,14.16,12.68,8.41,90
P6550688W7X,0.253,14.78,13.31,9.43,90
P6729374HE2,0.246,14.09,12.65,7.14,90
P673728F2DF,0.245,14.23,12.81,8.74,90
P672888DRBD,0.245,15.45,14.02,10.34,90
P677743TN4E,0.244,14.03,12.61,8.54,90
P673727RAR2,0.243,13.96,12.54,8.18,90
P672938EN6X,0.243,13.41,12.0,5.89,90
P686955YNLH,0.238,14.16,12.77,6.74,90
P686954ALCE,0.236,14.05,12.68,3.84,90
P686956XTAM,0.236,14.3,12.93,7.03,90
P6728999PBX,0.235,14.21,12.84,8.4,90
P673724HW6A,0.207,14.42,13.21,8.64,90
P655153MGHD,0.195,14.22,13.09,7.3,90
P655152HWDC,0.192,14.54,13.42,5.26,90
P655155KDRK,0.188,14.34,13.25,7.83,89
P672882WAPK,0.079,14.11,13.65,11.03,90
